{
  "busybox": 7.380636930465698, 
  "arm-trusted-firmware": 3.6305739879608154, 
  "code": 42.38620400428772, 
  "grub": 47.52903604507446, 
  "burn-boot": 2.007438898086548, 
  "edk2": 51.321183919906616, 
  "optee_os": 4.399772882461548, 
  "aes-perf": 2.9746298789978027, 
  "sha-perf": 2.538640022277832, 
  "l-loader": 3.3367300033569336, 
  "build": 1.6298391819000244, 
  "gen_rootfs": 1.7393178939819336, 
  "linux": 596.5119640827179, 
  "patches_hikey": 2.843520164489746, 
  "optee_test": 2.4524171352386475, 
  "optee_client": 1.8802828788757324
}